{
  "credit": "Made with Blockbench",
  "parent": "RoomMarkerEntity",
  "elements": [
    {
      "from": [
        0,
        0,
        0
      ],
      "to": [
        16,
        16,
        16
      ],
      "color": 8,
      "faces": {
        "north": {
          "uv": [
            0,
            0,
            16,
            16
          ],
          "texture": "#missing"
        },
        "east": {
          "uv": [
            0,
            0,
            16,
            16
          ],
          "texture": "#missing"
        },
        "south": {
          "uv": [
            0,
            0,
            16,
            16
          ],
          "texture": "#missing"
        },
        "west": {
          "uv": [
            0,
            0,
            16,
            16
          ],
          "texture": "#missing"
        },
        "up": {
          "uv": [
            0,
            0,
            16,
            16
          ],
          "texture": "#missing"
        },
        "down": {
          "uv": [
            0,
            0,
            16,
            16
          ],
          "texture": "#missing"
        }
      }
    }
  ],
  "groups": [
    {
      "name": "group",
      "origin": [
        0,
        0,
        0
      ],
      "color": 0,
      "children": [
        0
      ]
    }
  ]
}